Country,Account currency,Gender,Age min,Age max,Campaign days,Frequency cap,Campaign objective,Included interests/behaviors,Excluded interests/behaviors,Scenario budget,Budget,Impressions,Reach,Reach (millions),Lower Reach Percentage,Upper Reach Percentage,Frequency,Weekly frequency,CPM
['MX'],USD,"Male, Female",25,44,14,3 times every 7 days,REACH,[],[],Business as usual,100000,159438902.1,38550615.3,38.6,0.803,0.945,4.135828775,2.067914388,0.627199502
['MX'],USD,"Male, Female",25,44,28,3 times every 7 days,REACH,[],[],Business as usual,100000,237557156.5,36321386.31,36.3,0.757,0.89,6.540406235,1.635101559,0.420951326
['MX'],USD,"Male, Female",25,44,56,3 times every 7 days,REACH,[],[],Business as usual,100000,321246439.5,33116622.29,33.1,0.69,0.812,9.700417888,1.212552236,0.311287497
['MX'],USD,"Male, Female",25,44,14,4 times every 7 days,REACH,[],[],Business as usual,100000,187203559.3,37169718.37,37.2,0.774,0.911,5.036451139,2.51822557,0.534177878
['MX'],USD,"Male, Female",25,44,28,4 times every 7 days,REACH,[],[],Business as usual,100000,267231505,35002447.56,35,0.729,0.858,7.634626922,1.90865673,0.374207375
['MX'],USD,"Male, Female",25,44,56,4 times every 7 days,REACH,[],[],Business as usual,100000,346903441.9,32078057.6,32.1,0.668,0.786,10.81430718,1.351788397,0.288264652
['MX'],USD,"Male, Female",25,44,14,3 times every 7 days,REACH,[],[],+10 pct,110000,163511027.2,39128166.68,39.1,0.815,0.959,4.178852606,2.089426303,0.672737502
['MX'],USD,"Male, Female",25,44,28,3 times every 7 days,REACH,[],[],+10 pct,110000,246516416.6,36987658.16,37,0.771,0.907,6.664818447,1.666204612,0.446217747
['MX'],USD,"Male, Female",25,44,56,3 times every 7 days,REACH,[],[],+10 pct,110000,337683938.4,33725114.63,33.7,0.703,0.827,10.01280324,1.251600405,0.325748392
['MX'],USD,"Male, Female",25,44,14,4 times every 7 days,REACH,[],[],+10 pct,110000,192893121.8,37791809.95,37.8,0.787,0.926,5.104095535,2.552047768,0.570263983
['MX'],USD,"Male, Female",25,44,28,4 times every 7 days,REACH,[],[],+10 pct,110000,278790468.3,35641479.17,35.6,0.743,0.874,7.822056009,1.955514002,0.394561553
['MX'],USD,"Male, Female",25,44,56,4 times every 7 days,REACH,[],[],+10 pct,110000,366150827.7,32658420.83,32.7,0.68,0.8,11.21146444,1.401433056,0.300422645
['MX'],USD,"Male, Female",25,44,14,3 times every 7 days,REACH,[],[],+15 pct,115000,165375159.5,39389435.83,39.4,0.821,0.965,4.19846403,2.099232015,0.695388596
['MX'],USD,"Male, Female",25,44,28,3 times every 7 days,REACH,[],[],+15 pct,115000,250675845.4,37301079.58,37.3,0.777,0.914,6.720324582,1.680081145,0.458759797
['MX'],USD,"Male, Female",25,44,56,3 times every 7 days,REACH,[],[],+15 pct,115000,345522771.6,34007938.17,34,0.708,0.834,10.1600289,1.270003612,0.332829004
['MX'],USD,"Male, Female",25,44,14,4 times every 7 days,REACH,[],[],+15 pct,115000,195524242.8,38077374.22,38.1,0.793,0.933,5.134918399,2.567459199,0.588162359
['MX'],USD,"Male, Female",25,44,28,4 times every 7 days,REACH,[],[],+15 pct,115000,284219439.1,35938569.71,35.9,0.749,0.881,7.908469277,1.977117319,0.404616941
['MX'],USD,"Male, Female",25,44,56,4 times every 7 days,REACH,[],[],+15 pct,115000,375413793.5,32931958.36,32.9,0.686,0.807,11.39967571,1.424959464,0.306328649
['MX'],USD,"Male, Female",25,44,14,3 times every 7 days,REACH,[],[],+20 pct,120000,167126354.8,39633377.59,39.6,0.826,0.971,4.216803537,2.108401769,0.718019609
['MX'],USD,"Male, Female",25,44,28,3 times every 7 days,REACH,[],[],+20 pct,120000,254632934.8,37596701.57,37.6,0.783,0.921,6.772733762,1.693183441,0.47126661
['MX'],USD,"Male, Female",25,44,56,3 times every 7 days,REACH,[],[],+20 pct,120000,353009476.6,34272852.5,34.3,0.714,0.84,10.29994747,1.287493434,0.339934217
['MX'],USD,"Male, Female",25,44,14,4 times every 7 days,REACH,[],[],+20 pct,120000,198024268.1,38346057.86,38.3,0.799,0.94,5.164129761,2.58206488,0.605986333
['MX'],USD,"Male, Female",25,44,28,4 times every 7 days,REACH,[],[],+20 pct,120000,289399174.6,36220539.48,36.2,0.755,0.888,7.989899629,1.997474907,0.414652185
['MX'],USD,"Male, Female",25,44,56,4 times every 7 days,REACH,[],[],+20 pct,120000,384469461.9,33194751.45,33.2,0.692,0.814,11.58217586,1.447771983,0.312118417
['MX'],USD,"Male, Female",25,44,14,3 times every 7 days,REACH,[],[],+25 pct,125000,168758122.9,39860502.72,39.9,0.83,0.977,4.233714314,2.116857157,0.740705086
['MX'],USD,"Male, Female",25,44,28,3 times every 7 days,REACH,[],[],+25 pct,125000,258396221.5,37871886.54,37.9,0.789,0.928,6.82289724,1.70572431,0.483753204
['MX'],USD,"Male, Female",25,44,56,3 times every 7 days,REACH,[],[],+25 pct,125000,360307195.8,34529466.16,34.5,0.719,0.846,10.43472834,1.304341043,0.346926183
['MX'],USD,"Male, Female",25,44,14,4 times every 7 days,REACH,[],[],+25 pct,125000,200417868.1,38598959.58,38.6,0.804,0.946,5.192308451,2.596154225,0.623696885
['MX'],USD,"Male, Female",25,44,28,4 times every 7 days,REACH,[],[],+25 pct,125000,294400267.6,36492938.14,36.5,0.76,0.894,8.06730634,2.016826585,0.424592005
['MX'],USD,"Male, Female",25,44,56,4 times every 7 days,REACH,[],[],+25 pct,125000,393261761,33443893.37,33.4,0.697,0.82,11.75879149,1.469848936,0.317854448
['MX'],USD,"Male, Female",25,44,14,3 times every 7 days,REACH,[],[],+30 pct,130000,170310685.2,40077137.36,40.1,0.835,0.982,4.249570486,2.124785243,0.763310886
['MX'],USD,"Male, Female",25,44,28,3 times every 7 days,REACH,[],[],+30 pct,130000,262049477.6,38135791.58,38.1,0.794,0.935,6.871471667,1.717867917,0.496089522
['MX'],USD,"Male, Female",25,44,56,3 times every 7 days,REACH,[],[],+30 pct,130000,367403258.4,34777464.72,34.8,0.725,0.852,10.56437215,1.320546519,0.353834641
['MX'],USD,"Male, Female",25,44,14,4 times every 7 days,REACH,[],[],+30 pct,130000,202698281.8,38834050.47,38.8,0.809,0.952,5.219594238,2.609797119,0.641347321
['MX'],USD,"Male, Female",25,44,28,4 times every 7 days,REACH,[],[],+30 pct,130000,299226904.8,36757270.69,36.8,0.766,0.901,8.140597866,2.035149467,0.434452912
['MX'],USD,"Male, Female",25,44,56,4 times every 7 days,REACH,[],[],+30 pct,130000,401818427.7,33681995.16,33.7,0.702,0.826,11.92972539,1.491215674,0.323529214
['MX'],USD,"Male, Female",25,44,14,3 times every 7 days,REACH,[],[],+35 pct,135000,171834054.7,40289861.09,40.3,0.839,0.987,4.265056484,2.132528242,0.785641707
['MX'],USD,"Male, Female",25,44,28,3 times every 7 days,REACH,[],[],+35 pct,135000,265578963.2,38387942.49,38.4,0.8,0.941,6.918277624,1.729569406,0.508323394
['MX'],USD,"Male, Female",25,44,56,3 times every 7 days,REACH,[],[],+35 pct,135000,374229463.5,35016767.39,35,0.73,0.858,10.68713807,1.335892259,0.360741238
['MX'],USD,"Male, Female",25,44,14,4 times every 7 days,REACH,[],[],+35 pct,135000,204874118.4,39054408.46,39.1,0.814,0.957,5.245857824,2.622928912,0.658941213
['MX'],USD,"Male, Female",25,44,28,4 times every 7 days,REACH,[],[],+35 pct,135000,303880780.9,37013979.95,37,0.771,0.907,8.209891986,2.052472997,0.444253169
['MX'],USD,"Male, Female",25,44,56,4 times every 7 days,REACH,[],[],+35 pct,135000,410130574.2,33908640.22,33.9,0.706,0.831,12.09513095,1.511891369,0.329163463
['MX'],USD,"Male, Female",25,44,14,3 times every 7 days,REACH,[],[],+40 pct,140000,173357424.3,40502584.82,40.5,0.844,0.993,4.280542482,2.140271241,0.807580065
['MX'],USD,"Male, Female",25,44,28,3 times every 7 days,REACH,[],[],+40 pct,140000,268991954.5,38629816.19,38.6,0.805,0.947,6.963317134,1.740829284,0.520461663
['MX'],USD,"Male, Female",25,44,56,3 times every 7 days,REACH,[],[],+40 pct,140000,380934194.4,35252017.02,35.3,0.734,0.864,10.80601583,1.350751979,0.367517545
['MX'],USD,"Male, Female",25,44,14,4 times every 7 days,REACH,[],[],+40 pct,140000,206955414.2,39263869.43,39.3,0.818,0.962,5.270882152,2.635441076,0.676474208
['MX'],USD,"Male, Female",25,44,28,4 times every 7 days,REACH,[],[],+40 pct,140000,308357612,37261359.71,37.3,0.776,0.913,8.275516401,2.0688791,0.454018304
['MX'],USD,"Male, Female",25,44,56,4 times every 7 days,REACH,[],[],+40 pct,140000,418219629.7,34126080.46,34.1,0.711,0.836,12.25509356,1.531886695,0.334752341
['MX'],USD,"Male, Female",25,44,14,3 times every 7 days,REACH,[],[],+45 pct,145000,174880793.8,40715308.55,40.7,0.848,0.998,4.29602848,2.14801424,0.829136218
['MX'],USD,"Male, Female",25,44,28,3 times every 7 days,REACH,[],[],+45 pct,145000,272278073.4,38861506.19,38.9,0.81,0.952,7.006367882,1.75159197,0.5325438
['MX'],USD,"Male, Female",25,44,56,3 times every 7 days,REACH,[],[],+45 pct,145000,387391301.7,35478765.8,35.5,0.739,0.87,10.91894444,1.364868055,0.374298543
['MX'],USD,"Male, Female",25,44,14,4 times every 7 days,REACH,[],[],+45 pct,145000,208955212.8,39464060.22,39.5,0.822,0.967,5.294818197,2.647409099,0.693928608
['MX'],USD,"Male, Female",25,44,28,4 times every 7 days,REACH,[],[],+45 pct,145000,312665046.3,37497922.21,37.5,0.781,0.919,8.338175828,2.084543957,0.463755069
['MX'],USD,"Male, Female",25,44,56,4 times every 7 days,REACH,[],[],+45 pct,145000,426108645.1,34335267.05,34.3,0.715,0.842,12.41018013,1.551272516,0.340288801
['MX'],USD,"Male, Female",25,44,14,3 times every 7 days,REACH,[],[],+50 pct,150000,176404163.4,40928032.28,40.9,0.853,1.003,4.311514478,2.155757239,0.850320067
['MX'],USD,"Male, Female",25,44,28,3 times every 7 days,REACH,[],[],+50 pct,150000,275462650.2,39085776.22,39.1,0.814,0.958,7.047642758,1.761910689,0.544538433
['MX'],USD,"Male, Female",25,44,56,3 times every 7 days,REACH,[],[],+50 pct,150000,393617162.6,35695892.9,35.7,0.744,0.875,11.02694568,1.37836821,0.381080944
['MX'],USD,"Male, Female",25,44,14,4 times every 7 days,REACH,[],[],+50 pct,150000,210858209.4,39653124.75,39.7,0.826,0.972,5.317562071,2.658781036,0.711378515
['MX'],USD,"Male, Female",25,44,28,4 times every 7 days,REACH,[],[],+50 pct,150000,316804889,37721953.06,37.7,0.786,0.925,8.398400848,2.099600212,0.473477542
['MX'],USD,"Male, Female",25,44,56,4 times every 7 days,REACH,[],[],+50 pct,150000,433793519.1,34537528.33,34.5,0.72,0.847,12.5599982,1.569999775,0.345786632
['MX'],USD,"Male, Female",25,44,14,3 times every 7 days,REACH,[],[],+55 pct,155000,177927533,41140756.01,41.1,0.857,1.008,4.327000477,2.163500238,0.871141174
['MX'],USD,"Male, Female",25,44,28,3 times every 7 days,REACH,[],[],+55 pct,155000,278546374.9,39302941.48,39.3,0.819,0.963,7.087162259,1.771790565,0.556460302
['MX'],USD,"Male, Female",25,44,56,3 times every 7 days,REACH,[],[],+55 pct,155000,399677125.8,35906317.62,35.9,0.748,0.88,11.1311087,1.391388588,0.387813037
['MX'],USD,"Male, Female",25,44,14,4 times every 7 days,REACH,[],[],+55 pct,155000,212652595.7,39831344.69,39.8,0.83,0.976,5.338818007,2.669409004,0.728888352
['MX'],USD,"Male, Female",25,44,28,4 times every 7 days,REACH,[],[],+55 pct,155000,320803043.3,37934717.83,37.9,0.79,0.93,8.456692375,2.114173094,0.483162499
['MX'],USD,"Male, Female",25,44,56,4 times every 7 days,REACH,[],[],+55 pct,155000,441308922.9,34734040.43,34.7,0.724,0.851,12.70531474,1.588164342,0.351227886
['MX'],USD,"Male, Female",25,44,14,3 times every 7 days,REACH,[],[],+60 pct,160000,179450902.5,41353479.74,41.4,0.862,1.014,4.342486475,2.171243237,0.891608779
['MX'],USD,"Male, Female",25,44,28,3 times every 7 days,REACH,[],[],+60 pct,160000,281505430.2,39511252.37,39.5,0.823,0.968,7.124687008,1.781171752,0.568372695
['MX'],USD,"Male, Female",25,44,56,3 times every 7 days,REACH,[],[],+60 pct,160000,405556436.2,36109617.91,36.1,0.752,0.885,11.23123655,1.403904569,0.394519691
['MX'],USD,"Male, Female",25,44,14,4 times every 7 days,REACH,[],[],+60 pct,160000,214376636.7,40003118.39,40,0.833,0.98,5.358993729,2.679496864,0.746349987
['MX'],USD,"Male, Female",25,44,28,4 times every 7 days,REACH,[],[],+60 pct,160000,324715272.3,38141114.21,38.1,0.795,0.935,8.513503767,2.128375942,0.492739374
['MX'],USD,"Male, Female",25,44,56,4 times every 7 days,REACH,[],[],+60 pct,160000,448645095.4,34926131.19,34.9,0.728,0.856,12.84552246,1.605690307,0.35662933
['MX'],USD,"Male, Female",25,44,14,3 times every 7 days,REACH,[],[],+65 pct,165000,180974272.1,41566203.47,41.6,0.866,1.019,4.357972473,2.178986236,0.911731807
['MX'],USD,"Male, Female",25,44,28,3 times every 7 days,REACH,[],[],+65 pct,165000,284332133.7,39709395.28,39.7,0.827,0.973,7.160314133,1.790078533,0.580307255
['MX'],USD,"Male, Female",25,44,56,3 times every 7 days,REACH,[],[],+65 pct,165000,411231161.2,36305442.43,36.3,0.756,0.89,11.32694571,1.415868214,0.401234185
['MX'],USD,"Male, Female",25,44,14,4 times every 7 days,REACH,[],[],+65 pct,165000,216041712.6,40169357.94,40.2,0.837,0.985,5.378316658,2.689158329,0.7637414
['MX'],USD,"Male, Female",25,44,28,4 times every 7 days,REACH,[],[],+65 pct,165000,328523203,38339998.38,38.3,0.799,0.94,8.568668042,2.142167011,0.50224763
['MX'],USD,"Male, Female",25,44,56,4 times every 7 days,REACH,[],[],+65 pct,165000,455830062.5,35114492,35.1,0.732,0.861,12.98121161,1.622651451,0.361977003
['MX'],USD,"Male, Female",25,44,14,3 times every 7 days,REACH,[],[],+70 pct,170000,182497641.6,41778927.2,41.8,0.87,1.024,4.373458471,2.186729236,0.931518887
['MX'],USD,"Male, Female",25,44,28,3 times every 7 days,REACH,[],[],+70 pct,170000,287054146,39899452.11,39.9,0.831,0.978,7.194425003,1.798606251,0.592222765
['MX'],USD,"Male, Female",25,44,56,3 times every 7 days,REACH,[],[],+70 pct,170000,416797819.7,36497627.79,36.5,0.76,0.895,11.41982345,1.427477932,0.407871615
['MX'],USD,"Male, Female",25,44,14,4 times every 7 days,REACH,[],[],+70 pct,170000,217706788.5,40335597.5,40.3,0.84,0.989,5.397639588,2.698819794,0.780866785
['MX'],USD,"Male, Female",25,44,28,4 times every 7 days,REACH,[],[],+70 pct,170000,332218557.5,38531516.42,38.5,0.803,0.944,8.621990452,2.155497613,0.51171133
['MX'],USD,"Male, Female",25,44,56,4 times every 7 days,REACH,[],[],+70 pct,170000,462850389.6,35298492.99,35.3,0.735,0.865,13.11240814,1.639051018,0.36728931
['MX'],USD,"Male, Female",25,44,14,3 times every 7 days,REACH,[],[],+75 pct,175000,184021011.2,41991650.93,42,0.875,1.029,4.388944469,2.194472235,0.950978363
['MX'],USD,"Male, Female",25,44,28,3 times every 7 days,REACH,[],[],+75 pct,175000,289691248.5,40082913.33,40.1,0.835,0.982,7.227292125,1.806823031,0.604091428
['MX'],USD,"Male, Female",25,44,56,3 times every 7 days,REACH,[],[],+75 pct,175000,422239010.3,36685711.23,36.7,0.764,0.899,11.50962024,1.43870253,0.414457205
['MX'],USD,"Male, Female",25,44,14,4 times every 7 days,REACH,[],[],+75 pct,175000,219371864.4,40501837.05,40.5,0.844,0.993,5.416962518,2.708481259,0.7977322
['MX'],USD,"Male, Female",25,44,28,4 times every 7 days,REACH,[],[],+75 pct,175000,335835726.1,38718201.65,38.7,0.807,0.949,8.673826945,2.168456736,0.521088099
['MX'],USD,"Male, Female",25,44,56,4 times every 7 days,REACH,[],[],+75 pct,175000,469703456,35478014.51,35.5,0.739,0.87,13.23926134,1.654907668,0.3725755
['MX'],USD,"Male, Female",25,44,14,3 times every 7 days,REACH,[],[],+80 pct,180000,185544380.7,42204374.66,42.2,0.879,1.034,4.404430467,2.202215234,0.970118304
['MX'],USD,"Male, Female",25,44,28,3 times every 7 days,REACH,[],[],+80 pct,180000,292255508.9,40260676.9,40.3,0.839,0.987,7.259073148,1.814768287,0.615899425
['MX'],USD,"Male, Female",25,44,56,3 times every 7 days,REACH,[],[],+80 pct,180000,427513114,36868080.33,36.9,0.768,0.904,11.59572159,1.449465198,0.421039716
['MX'],USD,"Male, Female",25,44,14,4 times every 7 days,REACH,[],[],+80 pct,180000,221036940.3,40668076.6,40.7,0.847,0.997,5.436285448,2.718142724,0.81434352
['MX'],USD,"Male, Female",25,44,28,4 times every 7 days,REACH,[],[],+80 pct,180000,339347069.9,38898750.02,38.9,0.81,0.953,8.723837367,2.180959342,0.530430394
['MX'],USD,"Male, Female",25,44,56,4 times every 7 days,REACH,[],[],+80 pct,180000,476356715.4,35650885.38,35.7,0.743,0.874,13.36165409,1.670206762,0.377868085
['MX'],USD,"Male, Female",25,44,14,3 times every 7 days,REACH,[],[],+85 pct,185000,187067750.3,42417098.39,42.4,0.884,1.04,4.419916466,2.209958233,0.988946517
['MX'],USD,"Male, Female",25,44,28,3 times every 7 days,REACH,[],[],+85 pct,185000,294755543.4,40433453.27,40.4,0.842,0.991,7.289880252,1.822470063,0.627638747
['MX'],USD,"Male, Female",25,44,56,3 times every 7 days,REACH,[],[],+85 pct,185000,432653258.3,37045578.75,37,0.772,0.908,11.67890999,1.459863749,0.427594145
['MX'],USD,"Male, Female",25,44,14,4 times every 7 days,REACH,[],[],+85 pct,185000,222702016.2,40834316.15,40.8,0.851,1.001,5.455608377,2.727804189,0.830706444
['MX'],USD,"Male, Female",25,44,28,4 times every 7 days,REACH,[],[],+85 pct,185000,342765104.3,39074514.78,39.1,0.814,0.958,8.772082902,2.193020726,0.539728221
['MX'],USD,"Male, Female",25,44,56,4 times every 7 days,REACH,[],[],+85 pct,185000,482877944.9,35819406.74,35.8,0.746,0.878,13.48086512,1.685108139,0.383119589
['MX'],USD,"Male, Female",25,44,14,3 times every 7 days,REACH,[],[],+90 pct,190000,188591119.8,42629822.12,42.6,0.888,1.045,4.435402464,2.217701232,1.007470554
['MX'],USD,"Male, Female",25,44,28,3 times every 7 days,REACH,[],[],+90 pct,190000,297178959.5,40600424.56,40.6,0.846,0.995,7.319599467,1.829899867,0.639345398
['MX'],USD,"Male, Female",25,44,56,3 times every 7 days,REACH,[],[],+90 pct,190000,437661834.7,37218294.23,37.2,0.775,0.912,11.75930792,1.46991349,0.434125128
['MX'],USD,"Male, Female",25,44,14,4 times every 7 days,REACH,[],[],+90 pct,190000,224367092.1,41000555.71,41,0.854,1.005,5.474931307,2.737465654,0.846826503
['MX'],USD,"Male, Female",25,44,28,4 times every 7 days,REACH,[],[],+90 pct,190000,346096788.9,39245942.12,39.2,0.818,0.962,8.818643893,2.204660973,0.548979378
['MX'],USD,"Male, Female",25,44,56,4 times every 7 days,REACH,[],[],+90 pct,190000,489206801.6,35981954.78,36,0.75,0.882,13.59584028,1.699480035,0.388383807
['MX'],USD,"Male, Female",25,44,14,3 times every 7 days,REACH,[],[],+95 pct,195000,190114489.4,42842545.85,42.8,0.893,1.05,4.450888462,2.225444231,1.025697729
['MX'],USD,"Male, Female",25,44,28,3 times every 7 days,REACH,[],[],+95 pct,195000,299509430.2,40760289.94,40.8,0.849,0.999,7.348056628,1.837014157,0.651064642
['MX'],USD,"Male, Female",25,44,56,3 times every 7 days,REACH,[],[],+95 pct,195000,442513762.2,37385596.24,37.4,0.779,0.916,11.83644082,1.479555103,0.440664261
['MX'],USD,"Male, Female",25,44,14,4 times every 7 days,REACH,[],[],+95 pct,195000,226032168,41166795.26,41.2,0.858,1.009,5.494254237,2.747127118,0.862709064
['MX'],USD,"Male, Female",25,44,28,4 times every 7 days,REACH,[],[],+95 pct,195000,349319802.1,39411935.83,39.4,0.821,0.966,8.863297765,2.215824441,0.558227729
['MX'],USD,"Male, Female",25,44,56,4 times every 7 days,REACH,[],[],+95 pct,195000,495448830.8,36141859.08,36.1,0.753,0.886,13.70842338,1.713552922,0.393582521
['MX'],USD,"Male, Female",25,44,14,3 times every 7 days,REACH,[],[],+100 pct,200000,191637858.9,43055269.58,43.1,0.897,1.055,4.46637446,2.23318723,1.04363512
['MX'],USD,"Male, Female",25,44,28,3 times every 7 days,REACH,[],[],+100 pct,200000,301782691.9,40915571.65,40.9,0.852,1.003,7.375734777,1.843933694,0.662728531
['MX'],USD,"Male, Female",25,44,56,3 times every 7 days,REACH,[],[],+100 pct,200000,447252006.8,37549244.42,37.5,0.782,0.92,11.91106753,1.488883441,0.447175188
['MX'],USD,"Male, Female",25,44,14,4 times every 7 days,REACH,[],[],+100 pct,200000,227697243.9,41333034.81,41.3,0.861,1.013,5.513577167,2.756788583,0.878359336
['MX'],USD,"Male, Female",25,44,28,4 times every 7 days,REACH,[],[],+100 pct,200000,352451242.2,39573062.93,39.6,0.824,0.97,8.906322249,2.226580562,0.567454377
['MX'],USD,"Male, Female",25,44,56,4 times every 7 days,REACH,[],[],+100 pct,200000,501488621,36296068.75,36.3,0.756,0.89,13.81655157,1.727068946,0.398812638
['MX'],USD,"Male, Female",25,44,14,3 times every 7 days,REACH,[],[],+105 pct,205000,193161228.5,43267993.31,43.3,0.901,1.06,4.481860458,2.240930229,1.061289585
['MX'],USD,"Male, Female",25,44,28,3 times every 7 days,REACH,[],[],+105 pct,205000,303976501.2,41064035.51,41.1,0.856,1.006,7.402491057,1.850622764,0.674394235
['MX'],USD,"Male, Female",25,44,56,3 times every 7 days,REACH,[],[],+105 pct,205000,451892387,37709914.77,37.7,0.786,0.924,11.98335039,1.497918799,0.453647828
['MX'],USD,"Male, Female",25,44,14,4 times every 7 days,REACH,[],[],+105 pct,205000,229362319.8,41499274.37,41.5,0.865,1.017,5.532900096,2.766450048,0.89378238
['MX'],USD,"Male, Female",25,44,28,4 times every 7 days,REACH,[],[],+105 pct,205000,355486982.5,39728919.38,39.7,0.828,0.974,8.947809393,2.236952348,0.576673718
['MX'],USD,"Male, Female",25,44,56,4 times every 7 days,REACH,[],[],+105 pct,205000,507471630.2,36448797.74,36.4,0.759,0.893,13.92284451,1.740355564,0.403963469
['MX'],USD,"Male, Female",25,44,14,3 times every 7 days,REACH,[],[],+110 pct,210000,194684598,43480717.04,43.5,0.906,1.066,4.497346457,2.248673228,1.078667764
['MX'],USD,"Male, Female",25,44,28,3 times every 7 days,REACH,[],[],+110 pct,210000,306126147.6,41208377.85,41.2,0.859,1.01,7.428722619,1.857180655,0.685991712
['MX'],USD,"Male, Female",25,44,56,3 times every 7 days,REACH,[],[],+110 pct,210000,456429571.6,37867645.88,37.9,0.789,0.928,12.05326413,1.506658017,0.460092889
['MX'],USD,"Male, Female",25,44,14,4 times every 7 days,REACH,[],[],+110 pct,210000,231027395.7,41665513.92,41.7,0.868,1.021,5.552223026,2.776111513,0.908983107
['MX'],USD,"Male, Female",25,44,28,4 times every 7 days,REACH,[],[],+110 pct,210000,358411114.5,39878488.58,39.9,0.831,0.977,8.987563323,2.246890831,0.58591933
['MX'],USD,"Male, Female",25,44,56,4 times every 7 days,REACH,[],[],+110 pct,210000,513284444,36597376.16,36.6,0.762,0.897,14.02512699,1.753140873,0.409129874
['MX'],USD,"Male, Female",25,44,14,3 times every 7 days,REACH,[],[],+115 pct,215000,196207967.6,43693440.77,43.7,0.91,1.071,4.512832455,2.256416227,1.095776092
['MX'],USD,"Male, Female",25,44,28,3 times every 7 days,REACH,[],[],+115 pct,215000,308219352.1,41347128.64,41.3,0.861,1.013,7.454423325,1.863605831,0.697555162
['MX'],USD,"Male, Female",25,44,56,3 times every 7 days,REACH,[],[],+115 pct,215000,460842306.3,38022501.96,38,0.792,0.932,12.12022907,1.515028634,0.466537028
['MX'],USD,"Male, Female",25,44,14,4 times every 7 days,REACH,[],[],+115 pct,215000,232692471.6,41831753.47,41.8,0.871,1.025,5.571545956,2.785772978,0.923966291
['MX'],USD,"Male, Female",25,44,28,4 times every 7 days,REACH,[],[],+115 pct,215000,361274614.9,40024567.8,40,0.834,0.981,9.026303642,2.25657591,0.595115159
['MX'],USD,"Male, Female",25,44,56,4 times every 7 days,REACH,[],[],+115 pct,215000,519021063.3,36744004.31,36.7,0.766,0.901,14.12527229,1.765659037,0.414241377
['MX'],USD,"Male, Female",25,44,14,3 times every 7 days,REACH,[],[],+120 pct,220000,197731337.2,43906164.5,43.9,0.915,1.076,4.528318453,2.264159227,1.112620807
['MX'],USD,"Male, Female",25,44,28,3 times every 7 days,REACH,[],[],+120 pct,220000,310250886.1,41479874.45,41.5,0.864,1.017,7.479551057,1.869887764,0.709103535
['MX'],USD,"Male, Female",25,44,56,3 times every 7 days,REACH,[],[],+120 pct,220000,465165706.9,38175111.52,38.2,0.795,0.936,12.18501966,1.523127458,0.47294974
['MX'],USD,"Male, Female",25,44,14,4 times every 7 days,REACH,[],[],+120 pct,220000,234357547.5,41997993.02,42,0.875,1.029,5.590868886,2.795434443,0.938736569
['MX'],USD,"Male, Female",25,44,28,4 times every 7 days,REACH,[],[],+120 pct,220000,364078933.2,40167209.62,40.2,0.837,0.984,9.064080535,2.266020134,0.60426457
['MX'],USD,"Male, Female",25,44,56,4 times every 7 days,REACH,[],[],+120 pct,220000,524630513.1,36887352.49,36.9,0.768,0.904,14.22248242,1.777810302,0.419342746
['MX'],USD,"Male, Female",25,44,14,3 times every 7 days,REACH,[],[],+125 pct,225000,199254706.7,44118888.23,44.1,0.919,1.081,4.543804451,2.271902226,1.129207956
['MX'],USD,"Male, Female",25,44,28,3 times every 7 days,REACH,[],[],+125 pct,225000,312220924.8,41607040.1,41.6,0.867,1.02,7.504032278,1.87600807,0.720643564
['MX'],USD,"Male, Female",25,44,56,3 times every 7 days,REACH,[],[],+125 pct,225000,469392946.8,38325103.75,38.3,0.798,0.939,12.24765782,1.530957227,0.479342524
['MX'],USD,"Male, Female",25,44,14,4 times every 7 days,REACH,[],[],+125 pct,225000,236022623.4,42164232.58,42.2,0.878,1.033,5.610191815,2.805095908,0.953298445
['MX'],USD,"Male, Female",25,44,28,4 times every 7 days,REACH,[],[],+125 pct,225000,366807452.7,40305266.89,40.3,0.84,0.988,9.100718656,2.275179664,0.613400841
['MX'],USD,"Male, Female",25,44,56,4 times every 7 days,REACH,[],[],+125 pct,225000,530121401.5,37027390.49,37,0.771,0.908,14.31697663,1.789622078,0.424431082
['MX'],USD,"Male, Female",25,44,14,3 times every 7 days,REACH,[],[],+130 pct,230000,200778076.3,44331611.96,44.3,0.924,1.087,4.559290449,2.279645225,1.145543399
['MX'],USD,"Male, Female",25,44,28,3 times every 7 days,REACH,[],[],+130 pct,230000,314139565.9,41729951.82,41.7,0.869,1.023,7.527903853,1.881975963,0.732158649
['MX'],USD,"Male, Female",25,44,56,3 times every 7 days,REACH,[],[],+130 pct,230000,473487180.5,38470568.63,38.5,0.801,0.943,12.30775072,1.53846884,0.485757608
['MX'],USD,"Male, Female",25,44,14,4 times every 7 days,REACH,[],[],+130 pct,230000,237687699.3,42330472.13,42.3,0.882,1.038,5.629514745,2.814757373,0.967656301
['MX'],USD,"Male, Female",25,44,28,4 times every 7 days,REACH,[],[],+130 pct,230000,369489589.8,40440565.47,40.4,0.843,0.991,9.136588476,2.284147119,0.622480325
['MX'],USD,"Male, Female",25,44,56,4 times every 7 days,REACH,[],[],+130 pct,230000,535476095.7,37163585.33,37.2,0.774,0.911,14.40857065,1.801071331,0.429524309
['MX'],USD,"Male, Female",25,44,14,3 times every 7 days,REACH,[],[],+135 pct,235000,202301445.8,44544335.69,44.5,0.928,1.092,4.574776448,2.287388224,1.161632825
['MX'],USD,"Male, Female",25,44,28,3 times every 7 days,REACH,[],[],+135 pct,235000,316010648.3,41849394.69,41.8,0.872,1.026,7.551126901,1.887781725,0.743645827
['MX'],USD,"Male, Female",25,44,56,3 times every 7 days,REACH,[],[],+135 pct,235000,477498722.7,38612630.33,38.6,0.804,0.946,12.36635505,1.545794381,0.492147913
['MX'],USD,"Male, Female",25,44,14,4 times every 7 days,REACH,[],[],+135 pct,235000,239352775.2,42496711.68,42.5,0.885,1.042,5.648837675,2.824418837,0.981814394
['MX'],USD,"Male, Female",25,44,28,4 times every 7 days,REACH,[],[],+135 pct,235000,372107940.2,40572119.07,40.6,0.845,0.994,9.17150172,2.29287543,0.631537182
['MX'],USD,"Male, Female",25,44,56,4 times every 7 days,REACH,[],[],+135 pct,235000,540723366.3,37296935.72,37.3,0.777,0.914,14.4977444,1.81221805,0.434603005
['MX'],USD,"Male, Female",25,44,14,3 times every 7 days,REACH,[],[],+140 pct,240000,203824815.4,44757059.42,44.8,0.932,1.097,4.590262446,2.295131223,1.177481749
['MX'],USD,"Male, Female",25,44,28,3 times every 7 days,REACH,[],[],+140 pct,240000,317835941.5,41965763.82,42,0.874,1.029,7.573682434,1.893420609,0.755106546
['MX'],USD,"Male, Female",25,44,56,3 times every 7 days,REACH,[],[],+140 pct,240000,481407868.5,38750002.02,38.8,0.807,0.95,12.42340885,1.552926106,0.498537759
['MX'],USD,"Male, Female",25,44,14,4 times every 7 days,REACH,[],[],+140 pct,240000,241017851.1,42662951.24,42.7,0.889,1.046,5.668160605,2.834080302,0.995776864
['MX'],USD,"Male, Female",25,44,28,4 times every 7 days,REACH,[],[],+140 pct,240000,374652274.2,40699402.51,40.7,0.848,0.998,9.205340948,2.301335237,0.640594003
['MX'],USD,"Male, Female",25,44,56,4 times every 7 days,REACH,[],[],+140 pct,240000,545885676.2,37428051.5,37.4,0.78,0.917,14.58490012,1.823112515,0.439652496
['MX'],USD,"Male, Female",25,44,14,3 times every 7 days,REACH,[],[],+145 pct,245000,205348184.9,44969783.15,45,0.937,1.102,4.605748444,2.302874222,1.193095523
['MX'],USD,"Male, Female",25,44,28,3 times every 7 days,REACH,[],[],+145 pct,245000,319614209.4,42078683.67,42.1,0.877,1.031,7.595618621,1.898904655,0.766549148
['MX'],USD,"Male, Female",25,44,56,3 times every 7 days,REACH,[],[],+145 pct,245000,485237369.8,38883386.02,38.9,0.81,0.953,12.47929438,1.559911797,0.504907526
['MX'],USD,"Male, Female",25,44,14,4 times every 7 days,REACH,[],[],+145 pct,245000,242682927,42829190.79,42.8,0.892,1.05,5.687483534,2.843741767,1.009547738
['MX'],USD,"Male, Female",25,44,28,4 times every 7 days,REACH,[],[],+145 pct,245000,377135192.6,40823036.34,40.8,0.85,1.001,9.238292592,2.309573148,0.649634414
['MX'],USD,"Male, Female",25,44,56,4 times every 7 days,REACH,[],[],+145 pct,245000,550906710.6,37555761.87,37.6,0.782,0.92,14.66902492,1.833628115,0.444721393
['MX'],USD,"Male, Female",25,44,14,3 times every 7 days,REACH,[],[],+150 pct,250000,206871554.5,45182506.88,45.2,0.941,1.107,4.621234442,2.310617221,1.208479342
['MX'],USD,"Male, Female",25,44,28,3 times every 7 days,REACH,[],[],+150 pct,250000,321343933.5,42187942,42.2,0.879,1.034,7.616947883,1.904236971,0.777982635
['MX'],USD,"Male, Female",25,44,56,3 times every 7 days,REACH,[],[],+150 pct,250000,488928072.7,39009776.11,39,0.813,0.956,12.53345609,1.566682011,0.511322655
['MX'],USD,"Male, Female",25,44,14,4 times every 7 days,REACH,[],[],+150 pct,250000,244348002.9,42995430.34,43,0.896,1.054,5.706806464,2.853403232,1.023130932
['MX'],USD,"Male, Female",25,44,28,4 times every 7 days,REACH,[],[],+150 pct,250000,379564285,40943392.67,40.9,0.853,1.004,9.270458302,2.317614576,0.658649957
['MX'],USD,"Male, Female",25,44,56,4 times every 7 days,REACH,[],[],+150 pct,250000,555885142.3,37682489.71,37.7,0.785,0.924,14.75179521,1.843974401,0.449733193
['MX'],USD,"Male, Female",25,44,14,3 times every 7 days,REACH,[],[],+155 pct,255000,208394924,45395230.61,45.4,0.946,1.113,4.63672044,2.31836022,1.223638249
['MX'],USD,"Male, Female",25,44,28,3 times every 7 days,REACH,[],[],+155 pct,255000,323022293.9,42293560.52,42.3,0.881,1.037,7.637609844,1.909402461,0.789419197
['MX'],USD,"Male, Female",25,44,56,3 times every 7 days,REACH,[],[],+155 pct,255000,492603251.9,39135383.75,39.1,0.815,0.959,12.58712924,1.573391155,0.517657971
['MX'],USD,"Male, Female",25,44,14,4 times every 7 days,REACH,[],[],+155 pct,255000,246013078.8,43161669.89,43.2,0.899,1.058,5.726129394,2.863064697,1.036530258
['MX'],USD,"Male, Female",25,44,28,4 times every 7 days,REACH,[],[],+155 pct,255000,381926069,41059401.7,41.1,0.855,1.006,9.301782879,2.32544572,0.667668485
['MX'],USD,"Male, Female",25,44,56,4 times every 7 days,REACH,[],[],+155 pct,255000,560727277,37806339.89,37.8,0.788,0.927,14.83153037,1.853941296,0.454766533
['MX'],USD,"Male, Female",25,44,14,3 times every 7 days,REACH,[],[],+160 pct,260000,209918293.6,45607954.34,45.6,0.95,1.118,4.652206439,2.326103219,1.238577141
['MX'],USD,"Male, Female",25,44,28,3 times every 7 days,REACH,[],[],+160 pct,260000,324646175,42395565.79,42.4,0.883,1.039,7.657536864,1.914384216,0.800871903
['MX'],USD,"Male, Female",25,44,56,3 times every 7 days,REACH,[],[],+160 pct,260000,496220396.8,39258405.8,39.3,0.818,0.962,12.63981808,1.57997726,0.523960727
['MX'],USD,"Male, Female",25,44,14,4 times every 7 days,REACH,[],[],+160 pct,260000,247678154.7,43327909.45,43.3,0.903,1.062,5.745452324,2.872726162,1.049749423
['MX'],USD,"Male, Female",25,44,28,4 times every 7 days,REACH,[],[],+160 pct,260000,384254822.1,41173133.42,41.2,0.858,1.009,9.332646456,2.333161614,0.676634319
['MX'],USD,"Male, Female",25,44,56,4 times every 7 days,REACH,[],[],+160 pct,260000,565521836.8,37929370.64,37.9,0.79,0.93,14.90982033,1.863727541,0.459752362
['MX'],USD,"Male, Female",25,44,14,3 times every 7 days,REACH,[],[],+165 pct,265000,211441663.1,45820678.06,45.8,0.955,1.123,4.667692437,2.333846218,1.253300774
['MX'],USD,"Male, Female",25,44,28,3 times every 7 days,REACH,[],[],+165 pct,265000,326219705.2,42494440.84,42.5,0.885,1.042,7.676749812,1.919187453,0.812335968
['MX'],USD,"Male, Female",25,44,56,3 times every 7 days,REACH,[],[],+165 pct,265000,499744583,39377286.31,39.4,0.82,0.965,12.69115583,1.586394479,0.53027088
['MX'],USD,"Male, Female",25,44,14,4 times every 7 days,REACH,[],[],+165 pct,265000,249343230.6,43494149,43.5,0.906,1.066,5.764775253,2.882387627,1.062792037
['MX'],USD,"Male, Female",25,44,28,4 times every 7 days,REACH,[],[],+165 pct,265000,386541447.4,41283860.8,41.3,0.86,1.012,9.363002203,2.340750551,0.685566844
['MX'],USD,"Male, Female",25,44,56,4 times every 7 days,REACH,[],[],+165 pct,265000,570216158.5,38050694.28,38.1,0.793,0.933,14.98564737,1.873205922,0.464736041
['MX'],USD,"Male, Female",25,44,14,3 times every 7 days,REACH,[],[],+170 pct,270000,212965032.7,46033401.79,46,0.959,1.128,4.683178435,2.341589217,1.267813765
['MX'],USD,"Male, Female",25,44,28,3 times every 7 days,REACH,[],[],+170 pct,270000,327755829.7,42591090.7,42.6,0.887,1.044,7.695398802,1.9238497,0.823783974
['MX'],USD,"Male, Female",25,44,56,3 times every 7 days,REACH,[],[],+170 pct,270000,503253097.1,39495485.9,39.5,0.823,0.968,12.74200892,1.592751115,0.536509366
['MX'],USD,"Male, Female",25,44,14,4 times every 7 days,REACH,[],[],+170 pct,270000,251008306.5,43660388.55,43.7,0.91,1.07,5.784098183,2.892049092,1.075661613
['MX'],USD,"Male, Female",25,44,28,4 times every 7 days,REACH,[],[],+170 pct,270000,388772783.6,41390486.96,41.4,0.862,1.014,9.392792303,2.348198076,0.69449306
['MX'],USD,"Male, Female",25,44,56,4 times every 7 days,REACH,[],[],+170 pct,270000,574826590.1,38170408.81,38.2,0.795,0.936,15.05943398,1.882429248,0.469706873
['MX'],USD,"Male, Female",25,44,14,3 times every 7 days,REACH,[],[],+175 pct,275000,214488402.2,46246125.52,46.2,0.963,1.133,4.698664433,2.349332217,1.282120605
['MX'],USD,"Male, Female",25,44,28,3 times every 7 days,REACH,[],[],+175 pct,275000,329267782.5,42686254.03,42.7,0.889,1.046,7.713667584,1.928416896,0.835186479
['MX'],USD,"Male, Female",25,44,56,3 times every 7 days,REACH,[],[],+175 pct,275000,506672164,39609880.78,39.6,0.825,0.971,12.79152872,1.59894109,0.542757269
['MX'],USD,"Male, Female",25,44,14,4 times every 7 days,REACH,[],[],+175 pct,275000,252673382.4,43826628.11,43.8,0.913,1.074,5.803421113,2.901710556,1.088361573
['MX'],USD,"Male, Female",25,44,28,4 times every 7 days,REACH,[],[],+175 pct,275000,390957780.4,41493827.13,41.5,0.864,1.017,9.422060489,2.355515122,0.70340076
['MX'],USD,"Male, Female",25,44,56,4 times every 7 days,REACH,[],[],+175 pct,275000,579349866,38288379.97,38.3,0.798,0.938,15.13117344,1.89139668,0.474669998
['MX'],USD,"Male, Female",25,44,14,3 times every 7 days,REACH,[],[],+180 pct,280000,216011771.8,46458849.25,46.5,0.968,1.139,4.714150431,2.357075216,1.296225653
['MX'],USD,"Male, Female",25,44,28,3 times every 7 days,REACH,[],[],+180 pct,280000,330754782,42779882.82,42.8,0.891,1.049,7.731547609,1.932886902,0.846548607
['MX'],USD,"Male, Female",25,44,56,3 times every 7 days,REACH,[],[],+180 pct,280000,510039483.5,39722074.5,39.7,0.828,0.974,12.84017229,1.605021536,0.548977107
['MX'],USD,"Male, Female",25,44,14,4 times every 7 days,REACH,[],[],+180 pct,280000,254338458.3,43992867.66,44,0.917,1.078,5.822744043,2.911372021,1.100895247
['MX'],USD,"Male, Female",25,44,28,4 times every 7 days,REACH,[],[],+180 pct,280000,393096990.5,41594069.98,41.6,0.867,1.019,9.450788708,2.362697177,0.712292403
['MX'],USD,"Male, Female",25,44,56,4 times every 7 days,REACH,[],[],+180 pct,280000,583779862.6,38404012.01,38.4,0.8,0.941,15.20096982,1.900121227,0.479632851
['MX'],USD,"Male, Female",25,44,14,3 times every 7 days,REACH,[],[],+185 pct,285000,217535141.4,46671572.98,46.7,0.972,1.144,4.72963643,2.364818215,1.31013315
['MX'],USD,"Male, Female",25,44,28,3 times every 7 days,REACH,[],[],+185 pct,285000,332193669.5,42870153.8,42.9,0.893,1.051,7.748824443,1.937206111,0.857933267
['MX'],USD,"Male, Female",25,44,56,3 times every 7 days,REACH,[],[],+185 pct,285000,513366158.4,39832630.27,39.8,0.83,0.976,12.88805072,1.611006341,0.555159306
['MX'],USD,"Male, Female",25,44,14,4 times every 7 days,REACH,[],[],+185 pct,285000,256003534.2,44159107.21,44.2,0.92,1.082,5.842066972,2.921033486,1.113265881
['MX'],USD,"Male, Female",25,44,28,4 times every 7 days,REACH,[],[],+185 pct,285000,395190642,41691436.74,41.7,0.869,1.022,9.47893754,2.369734385,0.721170923
['MX'],USD,"Male, Female",25,44,56,4 times every 7 days,REACH,[],[],+185 pct,285000,588132949.3,38517547.06,38.5,0.802,0.944,15.269181,1.908647625,0.484584311
['MX'],USD,"Male, Female",25,44,14,3 times every 7 days,REACH,[],[],+190 pct,290000,219058510.9,46884296.71,46.9,0.977,1.149,4.745122428,2.372561214,1.323847217
['MX'],USD,"Male, Female",25,44,28,3 times every 7 days,REACH,[],[],+190 pct,290000,333610542.3,42958750.85,43,0.895,1.053,7.765821684,1.941455421,0.869277086
['MX'],USD,"Male, Female",25,44,56,3 times every 7 days,REACH,[],[],+190 pct,290000,516619482.8,39940230.05,39.9,0.832,0.979,12.93478393,1.616847992,0.561341586
['MX'],USD,"Male, Female",25,44,14,4 times every 7 days,REACH,[],[],+190 pct,290000,257668610.1,44325346.76,44.3,0.923,1.086,5.861389902,2.930694951,1.125476634
['MX'],USD,"Male, Female",25,44,28,4 times every 7 days,REACH,[],[],+190 pct,290000,397238567.9,41786209.33,41.8,0.871,1.024,9.506440059,2.376610015,0.730039889
['MX'],USD,"Male, Female",25,44,56,4 times every 7 days,REACH,[],[],+190 pct,290000,592397610.8,38628335.75,38.6,0.805,0.947,15.3357907,1.916973838,0.489536073
['MX'],USD,"Male, Female",25,44,14,3 times every 7 days,REACH,[],[],+195 pct,295000,220581880.5,47097020.44,47.1,0.981,1.154,4.760608426,2.380304213,1.337371861
['MX'],USD,"Male, Female",25,44,28,3 times every 7 days,REACH,[],[],+195 pct,295000,335003871.9,43045513.87,43,0.897,1.055,7.782537381,1.945634345,0.880586837
['MX'],USD,"Male, Female",25,44,56,3 times every 7 days,REACH,[],[],+195 pct,295000,519844622.8,40046694.02,40,0.834,0.982,12.98093058,1.622616322,0.567477256
['MX'],USD,"Male, Female",25,44,14,4 times every 7 days,REACH,[],[],+195 pct,295000,259333686,44491586.32,44.5,0.927,1.09,5.880712832,2.940356416,1.137530587
['MX'],USD,"Male, Female",25,44,28,4 times every 7 days,REACH,[],[],+195 pct,295000,399245391.5,41879008.73,41.9,0.872,1.026,9.533288097,2.383322024,0.738893939
['MX'],USD,"Male, Female",25,44,56,4 times every 7 days,REACH,[],[],+195 pct,295000,596578411.6,38736194.47,38.7,0.807,0.949,15.40101738,1.925127173,0.494486549
['MX'],USD,"Male, Female",25,44,14,3 times every 7 days,REACH,[],[],+200 pct,300000,222105250,47309744.17,47.3,0.986,1.16,4.776094424,2.388047212,1.35071098
['MX'],USD,"Male, Female",25,44,28,3 times every 7 days,REACH,[],[],+200 pct,300000,336369192.8,43129975.6,43.1,0.899,1.057,7.798957542,1.949739385,0.891877159
['MX'],USD,"Male, Female",25,44,56,3 times every 7 days,REACH,[],[],+200 pct,300000,523000919.6,40150553.38,40.2,0.836,0.984,13.02596264,1.62824533,0.573612758
['MX'],USD,"Male, Female",25,44,14,4 times every 7 days,REACH,[],[],+200 pct,300000,260998762,44657825.87,44.7,0.93,1.095,5.900035762,2.950017881,1.14943074
['MX'],USD,"Male, Female",25,44,28,4 times every 7 days,REACH,[],[],+200 pct,300000,401215202.3,41969994.34,42,0.874,1.029,9.559552149,2.389888037,0.747728397
['MX'],USD,"Male, Female",25,44,56,4 times every 7 days,REACH,[],[],+200 pct,300000,600689493.1,38841450.24,38.8,0.809,0.952,15.46512214,1.933140267,0.499426082
['MX'],USD,"Male, Female",25,44,14,3 times every 7 days,REACH,[],[],+210 pct,310000,225151989.1,47735191.63,47.7,0.994,1.17,4.80706642,2.40353321,1.376847707
['MX'],USD,"Male, Female",25,44,28,3 times every 7 days,REACH,[],[],+210 pct,310000,338991146.9,43289367.93,43.3,0.902,1.061,7.830804963,1.957701241,0.914478159
['MX'],USD,"Male, Female",25,44,56,3 times every 7 days,REACH,[],[],+210 pct,310000,529162796.9,40352553.17,40.4,0.841,0.989,13.11345957,1.639182446,0.585831056
['MX'],USD,"Male, Female",25,44,14,4 times every 7 days,REACH,[],[],+210 pct,310000,264328913.8,44990304.98,45,0.937,1.103,5.938681621,2.969340811,1.172781273
['MX'],USD,"Male, Female",25,44,28,4 times every 7 days,REACH,[],[],+210 pct,310000,405043702.2,42145975.83,42.1,0.878,1.033,9.610485456,2.402621364,0.765349512
['MX'],USD,"Male, Female",25,44,56,4 times every 7 days,REACH,[],[],+210 pct,310000,608641232.9,39041748.33,39,0.813,0.957,15.5894494,1.948681175,0.50933125
['MX'],USD,"Male, Female",25,44,14,3 times every 7 days,REACH,[],[],+220 pct,320000,228198728.2,48160639.09,48.2,1.003,1.18,4.838038417,2.419019208,1.402286518
['MX'],USD,"Male, Female",25,44,28,3 times every 7 days,REACH,[],[],+220 pct,320000,341498083.9,43438735.76,43.4,0.905,1.065,7.861601891,1.965400473,0.937047717
['MX'],USD,"Male, Female",25,44,56,3 times every 7 days,REACH,[],[],+220 pct,320000,535107958,40546205.64,40.5,0.845,0.994,13.19747103,1.649683879,0.598010168
['MX'],USD,"Male, Female",25,44,14,4 times every 7 days,REACH,[],[],+220 pct,320000,267659065.6,45322784.08,45.3,0.944,1.111,5.977327481,2.98866374,1.195550763
['MX'],USD,"Male, Female",25,44,28,4 times every 7 days,REACH,[],[],+220 pct,320000,408698440,42312662.66,42.3,0.882,1.037,9.658992181,2.414748045,0.782973383
['MX'],USD,"Male, Female",25,44,56,4 times every 7 days,REACH,[],[],+220 pct,320000,616462627.8,39237280.01,39.2,0.817,0.962,15.71111171,1.963888963,0.519090672
['MX'],USD,"Male, Female",25,44,14,3 times every 7 days,REACH,[],[],+230 pct,330000,231245467.3,48586086.55,48.6,1.012,1.191,4.869010413,2.434505207,1.427054998
['MX'],USD,"Male, Female",25,44,28,3 times every 7 days,REACH,[],[],+230 pct,330000,343883268.2,43577860.03,43.6,0.908,1.068,7.891259764,1.972814941,0.959627962
['MX'],USD,"Male, Female",25,44,56,3 times every 7 days,REACH,[],[],+230 pct,330000,540821053.9,40730586.63,40.7,0.849,0.998,13.27798712,1.659748391,0.610183345
['MX'],USD,"Male, Female",25,44,14,4 times every 7 days,REACH,[],[],+230 pct,330000,270989217.4,45655263.19,45.7,0.951,1.119,6.01597334,3.00798667,1.21776063
['MX'],USD,"Male, Female",25,44,28,4 times every 7 days,REACH,[],[],+230 pct,330000,412179923.6,42470824.54,42.5,0.885,1.041,9.705004705,2.426251176,0.800621236
['MX'],USD,"Male, Female",25,44,56,4 times every 7 days,REACH,[],[],+230 pct,330000,624009347.6,39423610.05,39.4,0.821,0.966,15.82830121,1.978537652,0.528838232
['MX'],USD,"Male, Female",25,44,14,3 times every 7 days,REACH,[],[],+240 pct,340000,234292206.4,49011534.01,49,1.021,1.201,4.89998241,2.449991205,1.451179299
['MX'],USD,"Male, Female",25,44,28,3 times every 7 days,REACH,[],[],+240 pct,340000,346268452.5,43716984.29,43.7,0.911,1.071,7.920917637,1.980229409,0.981897131
['MX'],USD,"Male, Female",25,44,56,3 times every 7 days,REACH,[],[],+240 pct,340000,546326592.3,40906620.47,40.9,0.852,1.003,13.35542511,1.669428138,0.622338368
['MX'],USD,"Male, Female",25,44,14,4 times every 7 days,REACH,[],[],+240 pct,340000,274319369.2,45987742.29,46,0.958,1.127,6.0546192,3.0273096,1.239431255
['MX'],USD,"Male, Female",25,44,28,4 times every 7 days,REACH,[],[],+240 pct,340000,415505520.4,42621954.25,42.6,0.888,1.045,9.748606702,2.437151675,0.818280344
['MX'],USD,"Male, Female",25,44,56,4 times every 7 days,REACH,[],[],+240 pct,340000,631411115.5,39605320.19,39.6,0.825,0.971,15.94253561,1.992816951,0.538476425
['MX'],USD,"Male, Female",25,44,14,3 times every 7 days,REACH,[],[],+250 pct,350000,237338945.5,49436981.47,49.4,1.03,1.212,4.930954406,2.465477203,1.474684229
['MX'],USD,"Male, Female",25,44,28,3 times every 7 days,REACH,[],[],+250 pct,350000,348653636.8,43856108.56,43.9,0.914,1.075,7.95057551,1.987643878,1.003861607
['MX'],USD,"Male, Female",25,44,56,3 times every 7 days,REACH,[],[],+250 pct,350000,551651157.6,41075434.31,41.1,0.856,1.007,13.43018824,1.678773531,0.634458924
['MX'],USD,"Male, Female",25,44,14,4 times every 7 days,REACH,[],[],+250 pct,350000,277649521,46320221.4,46.3,0.965,1.135,6.093265059,3.04663253,1.260582042
['MX'],USD,"Male, Female",25,44,28,4 times every 7 days,REACH,[],[],+250 pct,350000,418752874.3,42769529.04,42.8,0.891,1.048,9.790907081,2.44772677,0.835815159
['MX'],USD,"Male, Female",25,44,56,4 times every 7 days,REACH,[],[],+250 pct,350000,638607537.9,39780564.72,39.8,0.829,0.975,16.053229,2.006653624,0.548067442
['MX'],USD,"Male, Female",25,44,14,3 times every 7 days,REACH,[],[],+260 pct,360000,240385684.7,49862428.93,49.9,1.039,1.222,4.961926402,2.480963201,1.497593338
['MX'],USD,"Male, Female",25,44,28,3 times every 7 days,REACH,[],[],+260 pct,360000,351038821.1,43995232.82,44,0.917,1.078,7.980233384,1.995058346,1.025527601
['MX'],USD,"Male, Female",25,44,56,3 times every 7 days,REACH,[],[],+260 pct,360000,556812521.2,41237818.26,41.2,0.859,1.011,13.50244119,1.687805149,0.646537185
['MX'],USD,"Male, Female",25,44,14,4 times every 7 days,REACH,[],[],+260 pct,360000,280979672.8,46652700.5,46.7,0.972,1.143,6.131910919,3.065955459,1.281231473
['MX'],USD,"Male, Female",25,44,28,4 times every 7 days,REACH,[],[],+260 pct,360000,421878185.1,42910888.51,42.9,0.894,1.052,9.831483971,2.457870993,0.853326891
['MX'],USD,"Male, Female",25,44,56,4 times every 7 days,REACH,[],[],+260 pct,360000,645609798.8,39950071.38,40,0.832,0.979,16.16037608,2.020047011,0.557612355
['MX'],USD,"Male, Female",25,44,14,3 times every 7 days,REACH,[],[],+270 pct,370000,243432423.8,50287876.39,50.3,1.048,1.233,4.992898399,2.496449199,1.519928998
['MX'],USD,"Male, Female",25,44,28,3 times every 7 days,REACH,[],[],+270 pct,370000,353424005.4,44134357.09,44.1,0.919,1.082,8.009891257,2.002472814,1.046901156
['MX'],USD,"Male, Female",25,44,56,3 times every 7 days,REACH,[],[],+270 pct,370000,561861251.4,41395834.53,41.4,0.862,1.015,13.57287596,1.696609495,0.658525569
['MX'],USD,"Male, Female",25,44,14,4 times every 7 days,REACH,[],[],+270 pct,370000,284309824.6,46985179.61,47,0.979,1.152,6.170556778,3.085278389,1.301397166
['MX'],USD,"Male, Female",25,44,28,4 times every 7 days,REACH,[],[],+270 pct,370000,424918008.3,43047392.87,43,0.897,1.055,9.870915305,2.467728826,0.870756223
['MX'],USD,"Male, Female",25,44,56,4 times every 7 days,REACH,[],[],+270 pct,370000,652480098.8,40115755.87,40.1,0.836,0.983,16.26490264,2.03311283,0.567067104
['MX'],USD,"Male, Female",25,44,14,3 times every 7 days,REACH,[],[],+280 pct,380000,246479162.9,50713323.85,50.7,1.057,1.243,5.023870395,2.511935198,1.541712474
['MX'],USD,"Male, Female",25,44,28,3 times every 7 days,REACH,[],[],+280 pct,380000,355809189.7,44273481.35,44.3,0.922,1.085,8.03954913,2.009887283,1.067988155
['MX'],USD,"Male, Female",25,44,56,3 times every 7 days,REACH,[],[],+280 pct,380000,566731086.3,41546825.74,41.5,0.866,1.018,13.64075745,1.705094681,0.67051201
['MX'],USD,"Male, Female",25,44,14,4 times every 7 days,REACH,[],[],+280 pct,380000,287639976.4,47317658.72,47.3,0.986,1.16,6.209202638,3.104601319,1.321095923
['MX'],USD,"Male, Female",25,44,28,4 times every 7 days,REACH,[],[],+280 pct,380000,427855340.8,43177475.5,43.2,0.9,1.058,9.909206131,2.477301533,0.888150652
['MX'],USD,"Male, Female",25,44,56,4 times every 7 days,REACH,[],[],+280 pct,380000,659116754.1,40275056.74,40.3,0.839,0.987,16.36534042,2.045667552,0.576529117
['MX'],USD,"Male, Female",25,44,14,3 times every 7 days,REACH,[],[],+290 pct,390000,249525902,51138771.31,51.1,1.065,1.253,5.054842392,2.527421196,1.562963993
['MX'],USD,"Male, Female",25,44,28,3 times every 7 days,REACH,[],[],+290 pct,390000,358194374,44412605.62,44.4,0.925,1.089,8.069207003,2.017301751,1.08879432
['MX'],USD,"Male, Female",25,44,56,3 times every 7 days,REACH,[],[],+290 pct,390000,571464910.9,41692387.05,41.7,0.869,1.022,13.70666396,1.713332995,0.6824566
['MX'],USD,"Male, Female",25,44,14,4 times every 7 days,REACH,[],[],+290 pct,390000,290970128.2,47650137.82,47.7,0.993,1.168,6.247848497,3.123924248,1.340343775
['MX'],USD,"Male, Female",25,44,28,4 times every 7 days,REACH,[],[],+290 pct,390000,430696382.6,43301097.98,43.3,0.902,1.061,9.946530867,2.486632717,0.905510275
['MX'],USD,"Male, Female",25,44,56,4 times every 7 days,REACH,[],[],+290 pct,390000,665623997.5,40430777.19,40.4,0.842,0.991,16.4632886,2.057911074,0.585916375
['MX'],USD,"Male, Female",25,44,14,3 times every 7 days,REACH,[],[],+300 pct,400000,252572641.1,51564218.76,51.6,1.074,1.264,5.085814388,2.542907194,1.583702804
['MX'],USD,"Male, Female",25,44,28,3 times every 7 days,REACH,[],[],+300 pct,400000,360579558.3,44551729.88,44.6,0.928,1.092,8.098864877,2.024716219,1.109325226
['MX'],USD,"Male, Female",25,44,56,3 times every 7 days,REACH,[],[],+300 pct,400000,576036099.8,41831455.91,41.8,0.871,1.025,13.77038353,1.721297942,0.694400924
['MX'],USD,"Male, Female",25,44,14,4 times every 7 days,REACH,[],[],+300 pct,400000,294300280,47982616.93,48,1,1.176,6.286494356,3.143247178,1.359156029
['MX'],USD,"Male, Female",25,44,28,4 times every 7 days,REACH,[],[],+300 pct,400000,433432636.3,43417737.12,43.4,0.905,1.064,9.982834692,2.495708673,0.922865439
['MX'],USD,"Male, Female",25,44,56,4 times every 7 days,REACH,[],[],+300 pct,400000,671902507.4,40580100.04,40.6,0.845,0.995,16.55739257,2.069674071,0.595324464
